{
  "1s": {
    "ci_hi": 13.549110842383616,
    "ci_lo": 1.7449339260348682,
    "d": 481,
    "elapsed_s": 5441.49951575,
    "elo_per_doubling": 7.644816404437014,
    "errors": 0,
    "fast_base_ms": 8000,
    "fast_inc_ms": 800,
    "fast_ms": 1000,
    "finished_at": 1784112344,
    "games": 500,
    "l": 4,
    "rung": "1s",
    "score": 0.511,
    "slow_base_ms": 16000,
    "slow_inc_ms": 1600,
    "slow_ms": 2000,
    "w": 15
  },
  "250ms": {
    "ci_hi": 36.73784772333959,
    "ci_lo": 22.49388949985809,
    "d": 885,
    "elapsed_s": 2869.911941125,
    "elo_per_doubling": 29.60345764724001,
    "errors": 0,
    "fast_base_ms": 2000,
    "fast_inc_ms": 200,
    "fast_ms": 250,
    "finished_at": 1784106903,
    "games": 1000,
    "l": 15,
    "rung": "250ms",
    "score": 0.5425,
    "slow_base_ms": 4000,
    "slow_inc_ms": 400,
    "slow_ms": 500,
    "w": 100
  },
  "62ms": {
    "ci_hi": 111.44018912507647,
    "ci_lo": 87.93002709246453,
    "d": 669,
    "elapsed_s": 756.060910292,
    "elo_per_doubling": 99.57411190368994,
    "errors": 0,
    "fast_base_ms": 500,
    "fast_inc_ms": 50,
    "fast_ms": 62,
    "finished_at": 1784104033,
    "games": 1000,
    "l": 26,
    "rung": "62ms",
    "score": 0.6395,
    "slow_base_ms": 1000,
    "slow_inc_ms": 100,
    "slow_ms": 125,
    "w": 305
  }
}